{"cameraMode":{"drawMode":0,"name":"Shaded","section":"Shading Mode"},"sceneLighting":false,"audioPlay":false,"sceneViewState":{"m_AlwaysRefresh":false,"showFog":true,"showSkybox":false,"showFlares":true,"showImageEffects":true,"showParticleSystems":true,"showVisualEffectGraphs":true,"m_FxEnabled":true},"in2DMode":false,"pivot":{"x":35.181827545166019,"y":4.028744697570801,"z":-27.38739776611328},"rotation":{"x":0.0067724548280239109,"y":0.9013831615447998,"z":-0.01373150385916233,"w":0.43284323811531069},"size":35.71541213989258,"orthographic":false}