{"cameraMode":{"drawMode":0,"name":"Shaded","section":"Shading Mode"},"sceneLighting":false,"audioPlay":false,"sceneViewState":{"m_AlwaysRefresh":false,"showFog":true,"showSkybox":false,"showFlares":true,"showImageEffects":true,"showParticleSystems":true,"showVisualEffectGraphs":true,"m_FxEnabled":true},"in2DMode":false,"pivot":{"x":0.18494129180908204,"y":6.560385704040527,"z":1.383352279663086},"rotation":{"x":0.03683118149638176,"y":-0.2249581217765808,"z":0.008509415201842785,"w":0.9736459851264954},"size":7.834406852722168,"orthographic":false}