{"cameraMode":{"drawMode":0,"name":"Shaded","section":"Shading Mode"},"sceneLighting":false,"audioPlay":false,"sceneViewState":{"showFog":true,"showMaterialUpdate":false,"showSkybox":false,"showFlares":true,"showImageEffects":true,"showParticleSystems":true},"in2DMode":false,"pivot":{"x":-16.27044677734375,"y":4.2441816329956059,"z":-6.939166069030762},"rotation":{"x":0.2677370309829712,"y":-0.4213593602180481,"z":0.13172759115695954,"w":0.8564088940620422},"size":59.399139404296878,"orthographic":false}