{"cameraMode":{"drawMode":0,"name":"Shaded","section":"Shading Mode"},"sceneLighting":true,"audioPlay":false,"sceneViewState":{"showFog":true,"showMaterialUpdate":false,"showSkybox":true,"showFlares":true,"showImageEffects":true,"showParticleSystems":true},"in2DMode":false,"pivot":{"x":694.8090209960938,"y":254.5471954345703,"z":-44.5343017578125},"rotation":{"x":0.08536785840988159,"y":0.02688417211174965,"z":-0.002291304524987936,"w":0.9960103034973145},"size":469.691162109375,"orthographic":false}