{"cameraMode":{"drawMode":0,"name":"Shaded","section":"Shading Mode"},"sceneLighting":true,"audioPlay":false,"sceneViewState":{"showFog":true,"showMaterialUpdate":false,"showSkybox":false,"showFlares":true,"showImageEffects":true,"showParticleSystems":true},"in2DMode":false,"pivot":{"x":0.17486977577209474,"y":2.661978006362915,"z":-0.23217535018920899},"rotation":{"x":0.02620120346546173,"y":-0.9527273178100586,"z":0.08597755432128906,"w":0.29031434655189516},"size":2.5225024223327638,"orthographic":false}