{"cameraMode":{"drawMode":0,"name":"Shaded","section":"Shading Mode"},"sceneLighting":false,"audioPlay":false,"sceneViewState":{"showFog":true,"showMaterialUpdate":false,"showSkybox":false,"showFlares":true,"showImageEffects":true,"showParticleSystems":true},"in2DMode":false,"pivot":{"x":1.0548608303070069,"y":-0.1351158618927002,"z":-0.36067628860473635},"rotation":{"x":0.008787160739302636,"y":0.982926607131958,"z":-0.04869472607970238,"w":0.17733660340309144},"size":2.972391366958618,"orthographic":false}