{"cameraMode":{"drawMode":0,"name":"Shaded","section":"Shading Mode"},"sceneLighting":false,"audioPlay":false,"sceneViewState":{"showFog":true,"showMaterialUpdate":false,"showSkybox":false,"showFlares":true,"showImageEffects":true,"showParticleSystems":true},"in2DMode":false,"pivot":{"x":0.655657947063446,"y":0.7032113075256348,"z":0.3653978705406189},"rotation":{"x":-0.021588662639260293,"y":-0.9773653149604797,"z":0.12411089241504669,"w":-0.16999569535255433},"size":0.2723918557167053,"orthographic":false}