{"cameraMode":{"drawMode":0,"name":"Shaded","section":"Shading Mode"},"sceneLighting":false,"audioPlay":false,"sceneViewState":{"showFog":true,"showMaterialUpdate":false,"showSkybox":false,"showFlares":true,"showImageEffects":true,"showParticleSystems":true},"in2DMode":false,"pivot":{"x":-9.499536514282227,"y":1.9860568046569825,"z":-3.244257688522339},"rotation":{"x":0.21572841703891755,"y":-0.5491152405738831,"z":0.149375319480896,"w":0.7935044765472412},"size":3.004617691040039,"orthographic":false}