{"cameraMode":{"drawMode":0,"name":"Shaded","section":"Shading Mode"},"sceneLighting":false,"audioPlay":false,"sceneViewState":{"showFog":true,"showMaterialUpdate":false,"showSkybox":false,"showFlares":true,"showImageEffects":true,"showParticleSystems":true},"in2DMode":false,"pivot":{"x":-18.235166549682618,"y":80.60562133789063,"z":53.13011932373047},"rotation":{"x":-0.009091349318623543,"y":-0.7100166082382202,"z":0.009161949157714844,"w":-0.7040731906890869},"size":14.396526336669922,"orthographic":false}