{"cameraMode":{"drawMode":0,"name":"Shaded","section":"Shading Mode"},"sceneLighting":false,"audioPlay":false,"sceneViewState":{"showFog":true,"showMaterialUpdate":false,"showSkybox":false,"showFlares":true,"showImageEffects":true,"showParticleSystems":true},"in2DMode":false,"pivot":{"x":0.3802680969238281,"y":4.008473873138428,"z":-0.7364879846572876},"rotation":{"x":0.03510275483131409,"y":0.742616593837738,"z":-0.03900699317455292,"w":0.6676799058914185},"size":6.047728538513184,"orthographic":false}