{"cameraMode":{"drawMode":0,"name":"Shaded","section":"Shading Mode"},"sceneLighting":false,"audioPlay":false,"sceneViewState":{"showFog":true,"showMaterialUpdate":false,"showSkybox":false,"showFlares":true,"showImageEffects":true,"showParticleSystems":true},"in2DMode":false,"pivot":{"x":35.794132232666019,"y":21.376270294189454,"z":-127.28657531738281},"rotation":{"x":-0.037813350558280948,"y":-0.734015166759491,"z":0.04100779816508293,"w":-0.676838219165802},"size":16.532154083251954,"orthographic":false}