{"cameraMode":{"drawMode":0,"name":"Shaded","section":"Shading Mode"},"sceneLighting":false,"audioPlay":false,"sceneViewState":{"showFog":true,"showMaterialUpdate":false,"showSkybox":false,"showFlares":true,"showImageEffects":true,"showParticleSystems":true},"in2DMode":false,"pivot":{"x":8.886922836303711,"y":2.1447386741638185,"z":2.810487747192383},"rotation":{"x":0.023428957909345628,"y":0.733489990234375,"z":-0.02531515061855316,"w":0.678828775882721},"size":7.830397129058838,"orthographic":false}