{"cameraMode":{"drawMode":0,"name":"Shaded","section":"Shading Mode"},"sceneLighting":false,"audioPlay":false,"sceneViewState":{"showFog":true,"showMaterialUpdate":false,"showSkybox":false,"showFlares":true,"showImageEffects":true,"showParticleSystems":true},"in2DMode":false,"pivot":{"x":1.6290249824523926,"y":1.973670482635498,"z":-9.44205379486084},"rotation":{"x":0.3559579849243164,"y":-0.12674424052238465,"z":0.04879511892795563,"w":0.9245887398719788},"size":8.964276313781739,"orthographic":false}