{"cameraMode":{"drawMode":0,"name":"Shaded","section":"Shading Mode"},"sceneLighting":false,"audioPlay":false,"sceneViewState":{"showFog":true,"showMaterialUpdate":false,"showSkybox":false,"showFlares":true,"showImageEffects":true,"showParticleSystems":true},"in2DMode":false,"pivot":{"x":-110.29017639160156,"y":10.177450180053711,"z":82.00173950195313},"rotation":{"x":0.0025749721098691227,"y":0.6977183818817139,"z":0.002505076117813587,"w":-0.7163639068603516},"size":5.1218485832214359,"orthographic":false}