{"cameraMode":{"drawMode":0,"name":"Shaded","section":"Shading Mode"},"sceneLighting":false,"audioPlay":false,"sceneViewState":{"showFog":true,"showMaterialUpdate":false,"showSkybox":false,"showFlares":true,"showImageEffects":true,"showParticleSystems":true},"in2DMode":false,"pivot":{"x":4.533083915710449,"y":-0.28841638565063479,"z":0.9423860311508179},"rotation":{"x":0.19389928877353669,"y":0.603579044342041,"z":-0.15444037318229676,"w":0.7577897906303406},"size":4.731411457061768,"orthographic":false}