{"cameraMode":{"drawMode":0,"name":"Shaded","section":"Shading Mode"},"sceneLighting":false,"audioPlay":false,"sceneViewState":{"showFog":true,"showMaterialUpdate":false,"showSkybox":false,"showFlares":true,"showImageEffects":true,"showParticleSystems":true},"in2DMode":false,"pivot":{"x":23.425413131713868,"y":3.849377155303955,"z":1.9742319583892823},"rotation":{"x":-0.14082135260105134,"y":0.7972867488861084,"z":-0.20400767028331757,"w":-0.5503676533699036},"size":0.17965315282344819,"orthographic":false}