{"cameraMode":{"drawMode":0,"name":"Shaded","section":"Shading Mode"},"sceneLighting":false,"audioPlay":false,"sceneViewState":{"m_AlwaysRefresh":false,"showFog":true,"showSkybox":false,"showFlares":true,"showImageEffects":true,"showParticleSystems":true,"showVisualEffectGraphs":true,"m_FxEnabled":true},"in2DMode":false,"pivot":{"x":-0.03097117692232132,"y":2.948516845703125,"z":-0.12302322685718537},"rotation":{"x":0.06461281329393387,"y":-0.22116172313690186,"z":0.014686870388686657,"w":0.972985565662384},"size":2.9840238094329836,"orthographic":false}